,Business Name,Address,City State Zip,Phone
0,#1 Green Planet Building,11965 Venice Blvd. Suite 203,"Los Angeles, California 90066", 310-577-5000
1,17 Jewels Salon & Spa,"4801 Telegraph Ave,","Oakland, California 94609", 510-653-1059
2,5STARCLEANINGPROS.COM,PO Box 2258,"Ramona, California 92065", 760-978-0665
3,911 Photo Booths,P.o Box 633 ,"Santa Clarita, California 91310", 661-670-3740
4,A & J Portable toilet rentals,2121 Cover st,"Long Beach, California 90807", 562-299-8582
5,A Novel Space,2509 W. 109th Street,"Inglewood, California 90303", 323-242-0930
6,A Party Comes 2 U,1144 N First St,"Fresno, California 93702", 559-281-6029
7,A Quality Grooming,610 Marin St,"Vallejo, California 94590", 707-655-1314
8,A Step Above Dance Studio,1850 Hacienda Drive Suite 12,"Vista, California 92081", 760-501-0078
9,A Touch of Iris,26179 Bruno Street,"Esparto, California 95627", 530-787-3937
10,A.S.D. Interiors,13440 Ventura Blvd #110,"Los Angeles, California 91423", 818-817-9586
11,A1 Machining and Welding,2454 Fender Ave # B,"Fullerton, California 92831", 714-983-2550
12,ABC Organizers Unlimited,PO BOX 1136,"Los Angeles, California 90232", 424-303-9734
13,Absolutely Free Psychic Reading,1301 Marina Village Pkwy Suite 250,"Alameda, California 94501", 414-455-1840
14,Academic Success,Los Angeles CA,"Marina del Rey, California 90292", 310-823-4398
15,ADORN,P.O. Box 27332,"Santa Ana, California 92704", 714-277-7843
16,aHappyChildhood,954 Henderson Avenue,"Sunnyvale, California 94086", 408-991-3158
17,Alejandra Amarilla,Los Angeles,"Los Angeles, California 90064", 888-888-8888
18,Alexa Spa,"7297 Ronson Rd, Suite J","San Diego, California 92111", 858-262-9649
19,"Alltec Integrated Manufacturing, Inc.",4330-B Santa Fe Road,"San Luis Obispo, California 93401", 805-595-3500
20,alpha animal resort,3626 wisecarver lane,"Jamul, California 91935", 619-468-3345
21,Alpha K-9 Academy,1618 Willowbrook Dr.,"San Jose, California 95118", 408-978-1309
22,Alterations Brenda's Golden Stitch,"55 Maria Drive, Suite #848","Petaluma, California 94954", 707-763-4925
23,Amador Alebrijes,265 Campbell Lane,"Pleasant Hill, California 94523", 925-935-0976
24,American Regency Inn,3131 Hamner Ave,"Norco, California 92860", 951-736-6400
25,"Amon's Essay, Term Papers and Reports",14849 Oak St,"Sacramento, California 95616", 530-916-2132
26,AMOUR LES FLEURS,723 Sonora Avenue Unit C,"Glendale, California 91201", 800-548-2590
27,ANDREA'S ALTERATIONS,14360 VALERIOS ST #105,"San Fernando, California 91405", 818-723-3370
28,Angels Mobile Notary Services,3685 sunnyside,"Clovis, California 93611", 559-312-0501
29,ANNA MAID HOUSE CLEANING SERVICE,7336 Santa Monica Blvd #744,"West Hollywood, California 90046", 323-706-0157
30,Areté Dance Center,"979 Fremont Ave., http://www.aretedancecenter.com","Los Altos, California 94024", 408-824-0074
31,Art for all Reasons,36 Main St. P.O. Box 976,"Isleton, California 95641", 707-592-1626
32,Art on 30th,4434 30th St,"San Diego, California 92103", 619-889-1636
33,Artistic Finishes,1453 Blueberry Ave.,"Arroyo Grande, California 93420", 805-458-3929
34,Aspire Life Coaching,P.O. Box 351,"Los Gatos, California 95031", 408-835-9908
35,Atanacio Welding Inc,"Lynwood, CA, 90262","Lynwood, California 90262", 213-915-9700
36,Australian Opal Direct,5401 Newcastle Encino CA 91316,"Needles, California 09131", 310-288-0271
37,AVON,9768 Caminito Doha,"San Diego, California 92131", 858-566-7216
38,Avon: DeeAnn Slife- Independent Sales Rep,Vanderbilt Circle,"Corona, California 92881", 951-736-0124
39,Awards You Will Remember,3340 Tweedy Blvd,"South Gate, California 90280", 323-537-6389
40,Azzaria Boutique and Denim Lounge,2021 San Elijo Avenue,"Carmel-by-the-Sea, California 92007", 760-753-7572
41,B.B. Wax & Aesthetique,15125 Ventura Blvd Ste 101-23,"Los Angeles, California 91403", 818-926-2659
42,Background Check,8730 Wilshire Blvd. Suite 412,"California City, California 90211", 800-409-1819
43,"Bail Bonds, Bondsman by Free-way bailbonds Orange County California",1205 larchwood,"Santa Ana, California 92703", 714-396-2338
44,Balloons by Roxann,29066 Salrio,"Sun City, California 92584", 951-692-2528
45,Bamboo Village,7351-B Brentwood Blvd.,"Brentwood, California 94513", 925-634-4686
46,Barbara's Events By Design,5070 Valpey Park Ave,"Fremont, California 94538", 510-438-9115
47,Barefoot Diva's Heeling spa Studio,Ashdale Terrace,"Victorville, California 92392", 760-881-4697
48,Beach Beauty Booth,2945 S. Sepulveda Blvd.,"Los Angeles, California 90064", 877-543-3622
49,BeautiControl,po box 4536,"Sonora, California 95370", 209-559-4424
50,Beauticontrol - Nora Lopez-Rodriguez Independent Consultant,2100 Betsy Ross Ct.,"Atwater, California 95301", 209-233-4824
51,Beauty Boutique LA,12457 Ventura Blvd Ste 103 ,"California City, California 91604", 818-506-6400
52,"Bell Staffing Services, Inc",10970 Arrow Route # 209,"Rancho Cucamonga, California 91930", 909-483-3018
53,Bella Shaye Jewelry,13848 Carmel Ridge Rd,"San Diego, California 92128", 858-382-6457
54,Bella'z Beauty Salon,2525 N Grand Ave Ste E,"Santa Ana, California 92705", 714-602-7474
55,Bellflower Auto Trim & Upholstery,9724 Alondra Blvd.,"Bellflower, California 90706", 562-925-2922
56,Berkeley Painters,"2601 College Ave, #305","Berkeley, California 94704", 510-426-9136
57,Best Selling Ebook,California,"Darwin, California 23423", 324-432-4324
58,Bev's Executive Services,49 Leonado,"Rancho Santa Margarita, California 92688", 949-842-4280
59,"Bikinis for Women - Brazilian, Classic, Tango, Tonga and String Bikinis by","1171 W. Shaw Avenue, Suite 112 1171 W. Shaw Avenue, Suite 112","Fresno, California 93711", 559-222-2500
60,Blanche's Alterations,73712 CA-111,"Palm Desert, California 92260", 760-346-2621
61,Blonde / Blond,8581 Santa Monica Blvd Ste 305,"West Hollywood, California 90069", 310-666-5907
62,BlushTan Organic Spray Tanning,285 N El Camino Real #101,"Encinitas, California 92024", 619-408-8945
63,Book It 2 Look It,"415 Wilshire Ave, Vallejo, CA, 94591","Vallejo, California 94591", 415-920-3743
64,Botsford's Home Cleaning Service,3501 Grassotti Crt Apt 10,"Bakersfield, California 93309", 661-549-5076
65,Brazilian Sun,3570 Alameda De Las Pulgas,"Menlo Park, California 94025", 800-479-2616
66,briana cash photography,407 oak street,"Ojai, California 93023", 805-896-4458
67,Brides of California,1250 The Alameda,"San Jose, California 95126", 408-320-1304
68,broadway image salon,3405 east Broadway,"Long Beach, California 90803", 562-856-3913
69,Brown Bag Party by Megan,Ranch Santa Fe,"San Marcos, California 92078", 951-707-5148
70,BunnyBears Preschool,5358 Jackson Drive,"La Mesa, California 91942", 619-567-4214
71,Busy Bee Mobile Notary,2800 Bayham Circle,"Thousand Oaks, California 91362", 805-402-8599
72,Butterfly Socials,30th Street,"San Diego, California 92104", 619-501-0271
73,Buy The Time,PO Box 996,"Hughson, California 95326", 209-883-4333
74,BZ TRAVEL,3728 OVERLAND AVE,"Los Angeles, California 90034", 800-980-2929
75,C.H.R.I.S.T.  United Bus. Services,South San Jose,"San Jose, California 95123", 408-978-5176
76,Cadman Family Child Care,1554 Carleton Court,"Corona, California 92881", 951-371-8869
77,Cal Aero Events,"Chino Airport - Cal Aero Field,14925 Cal Aero Drive B-181","Chino, California 91710", 949-533-9013
78,"California Contractors, Handyman & Cleaning Trades COMMERCIAL INSURANCE",P O Box 1859,"Rocklin, California 95677", 866-925-6288
79,calinana unique jewelry,67 Coriander,"Irvine, California 92603", 949-295-2737
80,Cammua Makeup School,2216 W. Whittier Blvd,"La Habra, California 90631", 562-328-6048
81,Candy and Ice Cream,122 West Portal Ave,"San Francisco, California 94127", 415-254-9748
82,Carefree Companions Pet Care,Catalina Ave.,"Vista, California 92084", 619-867-6892
83,Carla Renee,5429 Highview Lane,"Citrus Heights, California 95610", 916-601-8589
84,"Carr Manufacturing Company, Inc.","19675 Descartes, Foothill Ranch, CA 92610","Foothill Ranch, California 92610", 949-716-1840
85,Cathedral City Pool Resurfacing Pros,69961 Pomegranate Lane,"Cathedral City, California 92234", 442-227-0887
86,Cecillia B Photography,1673 Beta Dr,"San Diego, California 92126", 858-208-6953
87,Cederquist Art Glass,10456 S. De Wolf Avenue,"Selma, California 93662", 559-896-5788
88,Central Valley Environmental,3443 W. Gettysburg Avenue,"Fresno, California 93722", 707-584-1900
89,Chancey Charm,"302 Washington Street, #156","San Diego, California 92103", 619-880-6504
90,Chateau Salon,3815 Ocean View Blvd,"La Crescenta-Montrose, California 91020", 818-957-8127
91,Christie Adam's Artist Salon,2933 Roosevelt Street,"Carlsbad, California 92008", 760-576-8981
92,Christmas gift shop online in Miami,"834 41st ave,  CA,","San Francisco, California 94121", 415-702-9266
93,Ciara Cusseaux Imagery,North County San Diego,"Rancho Santa Fe, California 92091", 805-708-4122
94,Cinema Suites Bed and Breakfast,925 South Fairfax Ave,"Los Angeles, California 90036", 310-272-3160
95,CITY CABINET CENTER,1108 Morena Blvd,"San Diego, California 92110", 619-521-2875
96,Clean-LA,5947 Armaga Spring Road #UNIT F,"Rancho Palos Verdes, California 90275", 888-223-3139
97,Coach Timi Fit,5824 Manzanita Ave,"Carmichael, California 95608", 916-903-8051
98,Coastal Pet Sitters & Doggy Day Care,1626 Caudor Street,"Encinitas, California 92024", 760-473-7176
99,coffee roastery,4015 C Main st,"Kelseyville, California 09551", 707-279-0576
100,Combined Effort,P.O Box 95327,"Jamestown, California 95327", 800-517-4660
101,Commercial Printing, ,"Santa Clarita, California 0", 818-635-5191
102,Connections,2711 Henderson Rd. Suite A,"Redding, California 96002", 530-710-2773
103,Covet Boutique,7 Street 391 Arguello Blvd.,"San Francisco, California 94118", 415-751-1158
104,Covington Watercolors,"257 South Spring Street, Unit 3P","Los Angeles, California 90012", 310-995-0196
105,CrazyAuctions.com.au,po box 7158 mt crosby qld. Australia 4306,"Los Angeles, California 50000", 617-329-6777
106,Crunch Graphics,9909 Topanga Canyon,"Agoura Hills, California 91311", 818-992-3439
107,Cult of Coquette,1049 Havenhurst Dr. #44,"West Hollywood, California 90046", 000-000-0000
108,Curves,6335 Jarvis Avenue,"Newark, California 94560", 650-669-0509
109,Custom Inflatable Boats,22500 Lost Road,"Wildomar, California 09255", 877-389-1872
110,Cut n' Curl's Back Door Styles,10023 Wolf Rd,"Grass Valley, California 95949", 530-268-1300
111,D&M's Legal Document Service,44613 Ruthron Ave,"Lancaster, California 93536", 661-729-1400
112,D's HouseKeeping,12158 Persimmon Terrace,"Auburn, California 95603", 530-888-9753
113,Daisy Doos Kiddie Cottage,7101 University Ave,"La Mesa, California 91941", 619-337-0427
114,DAKS-Creations,2204 Corktree Lane,"San Jose, California 95132", not-lis-ted
115,Dana Titus Photographer,P.O. Box 4,"Sunol, California 94586", 925-922-4670
116,Danc'n Feet boutique,25359 Madison Ave. Suite #107,"Murrieta, California 92562", 951-304-2050
117,Dancer's Inc.,"467 N. Wilma Ave., Suite 6","Ripon, California 95366", 209-599-1161
118,Dead Lauras House of Tattoo,101 M St.,"Crescent City, California 95531", 707-457-2047
119,Deb's Purr-fect Pet Sitting,P.O. Box 61991,"Sunnyvale, California 94088", 408-499-1506
120,Del Beauty Box,"910 Camino, b/t 10th St & 9th St","Del Mar, California 92014", 858-259-4247
121,Della White Photography,1100 Portofino Court,"Corona, California 92881", 951-732-9840
122,Delta Surveying and Mapping,39305 Salinas Drive,"Murrieta, California 92563", 951-764-0158
123,Desert Dust Cosmetics,p.o. box 11722,"Los Angeles, California 90049", 913-620-4501
124,"Designer Womens Beachwear, Active Wear, Bikinis, Casuals, and Dresses","1171 W. Shaw Avenue, Suite 112 1171 W. Shaw Avenue, Suite 112","Fresno, California 93711", 559-222-2500
125,Desktop Publishing & Media Services,"1469 Butte House Road, Suite A","Yuba City, California 95993", 530-790-0432
126,Diane's Cleaning Service,Vichy,"Sacramento, California 95843", 916-519-5851
127,Digity Dog Sitting,marguerite ave,"Laguna Beach, California 92651", 949-940-6460
128,Dilanattas,"5439 La Jolla Blvd, La Jolla, CA 92037","Los Angeles, California 92037", 858-303-9303
129,Dilanattas Photography,"La Jola, San Diago, CA","San Diego, California 92037", 858-456-9303
130,Discover Your Swing!,3701 Pacific Place,"Long Beach, California 90806", 508-330-6731
131,Diva girlz mobile spa parties,Ashdale Terrace,"Victorville, California 92392", 760-881-4697
132,"Dr. Cynthia Thaik, Holistic Healing Heart Center",2211 W Magnolia Blvd Ste 140,"Burbank, California 91506", 818-842-1410
133,Dreamcatcher Events,210 Lakewood Rd. #100,"Walnut Creek, California 94598", 925-947-3999
134,Drug Test Solutions & ID Screening,9530 Hageman Road,"Bakersfield, California 93312", 661-589-0607
135,DRUM FOR GOODNESS SAKE,10061 Riverside Drive Suite 329,"Los Angeles, California 91602", 323-876-5173
136,"DS Academics Tutoring - Foster City, CA",1000 E. Hillsdale Blvd.,"Foster City, California 94404", 415-525-4014
137,Dynasty Salon,1040 Geer Rd.,"Turlock, California 95380", 209-634-2753
138,"e-Legal Services, Inc.","1060 Palm Street, SUite D","San Luis Obispo, California 93401", 805-439-1800
139,e-Roupas de Bebe,"West 1400 North Daly Street  San Diego, CA, 92147","San Diego, California 92147", 133-061-0788
140,Eagle Portables Inc,Po Box 1684,"Lynwood, California 90262", 310-955-7697
141,Earth Moon Beam Hemp Shop,1212 lilly road,"Beverly Hills, California 90210", 818-818-8188
142,Earth's Angel Photography,2271 Froude St,"San Diego, California 92107", 858-525-1198
143,Elaine's Elite Pet Sitting Svc,Serving Hanford & Lemoore,"Hanford, California 93230", 559-572-2162
144,Electrolysis El Cajon,669 Jamacha Road #1,"El Cajon, California 92019", 619-332-0381
145,Electrolysis El Cajon,669 Jamacha Road #1,"El Cajon, California 92019", 619-332-0381
146,Elite Connections,3495 Ridgeford Dr,"Westlake, California 91361", 818-597-1144
147,Elite Connections,4217 Via Novela,"Palos Verdes Estates, California 90274", 800-923-4200
148,Elite Connections,40 Wedgwood,"Irvine, California 92620", 714-417-9259
149,Elite Services 4 You,7116 Koropp ct,"Sacramento, California 95842", 916-220-4397
150,Elk Grove  Care Options,6506 Fuego Way,"Sacramento, California 96758", 916-691-1533
151,Embody (Hydrotherapy Center),1200 S. Pacific Coast Hwy. Suite E (upstairs),"Redondo Beach, California 90277", 310-808-7131
152,EpicDay Face Painting San Diego,"3875 Van Dyke Avenue Apt #15A, San Diego, CA 92105","San Diego, California 92105", 619-304-0175
153,Every Day Dog,1518 Windshore Way,"Oxnard, California 93035", 805-390-9623
154,Excellent Notary Service,2811 Wilshire Blvd,"Santa Monica, California 90403", 310-508-4855
155,Exotic Tan,20110 Pioneer Blvd. Unit D,"Cerritos, California 90703", 562-402-4636
156,Express Driving School,333 H Street Suite 5000 #560,"Chula Vista, California 91910", 619-735-3053
157,"Facial Town | The World of Facial, Waxing and Threading",936 E EL Camino Real,"Sunnyvale, California 94087", 408-362-1234
158,Fast ID Badges,PO BOX 13572,"El Cajon, California 92020", 619-760-0122
159,Fax Foods Inc.,1205 Activity Dr.,"Vista, California 92081", 760-599-6030
160,First Class Recovery,20249 B Charlanne Dr,"Redding, California 96002", 530-221-6313
161,Fishbaugh and Associates,286 Howe Avenue,"Sacramento, California 95825", 916-541-2729
162,Fotomelnikova,Ventura Blvd #361,"Los Angeles, California 91604", 310-658-3148
163,Fresh Petal,255 Coward Rd.,"Watsonville, California 95076", 888-313-6423
164,Fun With Wrappers,2519 Carnegie Lane,"Redondo Beach, California 90278", 310-318-9403
165,FX Home Improvements,4573 Bancroft St,"San Diego, California 92116", 858-603-1342
166,G Spot Design,10123 Carlton Hills Blvd.,"Santee, California 92071", 619-212-9860
167,Garnet Lash Extensions + Day Spa,2053 Garnet Ave,"San Diego, California 92109", 619-339-4529
168,Gift A Feast,96 Lafayette Street,"San Francisco, California 94103", 800-453-6768
169,gizmoto high performance machinez,26829 baseline rd,"Highland, California 92346", 909-659-9688
170,Gloria's Music Studio,7347 Terrace Dr,"El Cerrito, California 94530", 510-603-6688
171,Gnouy's Surprises,609 Marina Shopping Center,"Suisun City, California 94585", 707-425-4941
172,Good Grief Pet Care,1883 Agnew Road #103,"C-Road, California 95054", 650-224-3807
173,Green & Clean,8353 topanga canyon blvd,"Los Angeles, California 91304", 818-451-9762
174,Green Pawz,772 Stanyan Street,"San Francisco, California 94117", 415-221-7387
175,H & H Property Ventures LLC,1161 W. 23rd St. San Antonio Heights,"Upland, California 91781", 909-360-0333
176,Hair By Lance Lanza,250 S Robertson Blvd,"Beverly Hills, California 90211", 310-855-2674
177,Hair by Liz,405 N. Azusa Ave,"West Covina, California 91791", 909-568-8793
178,Hair by Sapphire,2416 West Victory Blvd. ,"Burbank, California 91506", 310-963-2067
179,Hair Viz,11740 Carmel Mountain Road #198,"San Diego, California 92128", 530-318-0335
180,"Hair, Waxing and Salon Services by Shelley V",90 E. Escalon Ste 102,"Fresno, California 93710", 559-313-1676
181,Hands of an Angel,469 W DOUGLAS AVE,"El Cajon, California 92020", 619-253-9166
182,"Hanford Pet Care, Grooming & Doggy Daycare",130 E. 8th,"Hanford, California 93230", 559-584-2616
183,Hannah Zackney,101 Parkshore Drive,"Folsom, California 95630", 916-932-6929
184,HAPPY FACES CHILD CARE,5072 COYOTE DR,"San Bernardino, California 92407", 909-969-7071
185,Harmony Relocation,"92 Exeter Avenue, San Carlos ,United States 94070","San Francisco, California 94070", 650-885-1540
186,HEALINGSKIN.COM,"7736 Fay Avenue, Suite 102","San Diego, California 92037", 858-459-4965
187,Healthy Inspirations,"935 Riverside Avenue, Suite 8,Paso Robles","San Luis Obispo, California 93446", 805-238-9395
188,Heather Marie Skin Care and Massage Studio,716 East F Street,"Oakdale, California 95361", 209-272-2737
189,HER by Elena Rosas,1890 East Main St.,"Ventura, California 93001", 805-407-9953
190,Highland Country Weddings,29664 Zuma Bay Way,"Malibu, California 90265", 310-457-4964
191,HillTron Corporation,"2528 Qume Dr,  Suite 4","San Jose, California 95131", 408-708-9705
192,Hiway Travel,5139 Orrville Ave,"Los Angeles, California 91367", 818-442-2990
193,Home and Garden Collection,newcastle,"Los Angeles, California 91316", 818-000-0000
194,Home and Garden Party,2487 Copperfield Drive,"Santa Rosa, California 95401", 707-694-1759
195,Home Away From Home Family Daycare,34 El Campo Dr ,"San Jose, California 95127", 408-251-0661
196,Home Organizers Plus,11000 Avenue,"Los Angeles, California 91344", 818-831-1026
197,HomeCarePartner.com,4660 Natomas Blvd 120-181,"Sacramento, California 95835", 888-211-8549
198,Hot Body Pilates,560 6th Avenue     ,"San Diego, California 92101", 858-220-1415
199,House Cleaning Paso Robles,1053 Pioneer Trail,"Pismo Beach, California 93446", 805-774-1681
200,Housing Referral Service,2545 West Broadway Avenue,"Anaheim, California 92804", 714-273-5797
201,IDP Thermal & Machining,996 Lawrence Dr. # 205,"Thousand Oaks, California 91320", 805-376-9100
202,IL Interpreters,PO Box 7575,"Citrus Heights, California 95621", 916-989-1029
203,In Motion Dance Center,835 Arnold Dr #5,"Martinez, California 94553", 925-229-5678
204,Incense Pro,748 Vine Street,"Los Angeles, California 90038", 213-322-3483
205,INREY CORP.,"15120 Atkinson Ave, Suite #2 ","Gardena, California 90249", 310-856-6801
206,INTUITIVE PALMISTRY-Spiritual Counseling,1941 Marguerite Street,"Palm Springs, California 92264", 760-992-9197
207,Ionique Commercial Photography Los Angeles,10866 Wilshire Blvd,"Los Angeles, California 90024", 310-340-0903
208,Island Carpet & Tile Care,24451 Zandra Dr,"Mission Viejo, California 92691", 949-589-0308
209,It Works,p.o. box 1902,"Lancaster, California 93539", 661-544-0497
210,iWedPlanner LLC,43456 Ellsworth Street #3328,"Fremont, California 94539", 763-383-6024
211,Jacques Sandjian,"409 N Camden Dr, Suite 105","Beverly Hills, California 90210", 310-273-1281
212,James Provence,951 Mariners Island,"San Mateo, California 94404", 650-825-5175
213,Jana Ann Couture Bridal,"Del Mar Plaza, 1555 Camino Del Mar, STE 313","San Diego, California 92014", 619-649-2439
214,Janitorial Rubi,Redwood City,"Redwood City, California 94063", 650-771-2128
215,Jarco Roofing and Solar Construction,20221 Pear Circle,"Perris, California 92570", 951-943-3344
216,Jay Elle,644 N Poplar St. #K,"Orange, California 92868", 800-720-5031
217,JÔR'JET BOUTIQUE,"632 Fremont Avenue, Rancho Shopping Center","Los Altos, California 94024", 650-947-3447
218,Jessica Hair Makeup,2704 vanderbilt lane #1,"Redondo Beach, California 90278", 310-947-9388
219,Jessica Valencia Insurance Agency,"Box# 340., 75 W. Nuevo Road., Ste E","Perris, California 92571", 951-291-1811
220,Jordasche Kingston Home and Business Services,3600 Dimond Avenue,"Oakland, California 94602", 415-695-4083
221,Just A Suggestion,P.O. Box 537,"Pollock Pines, California 95726", 888-256-9114
222,K Church Carpets,8920 Quartz Ave,"North Woodbridge, California 91324", 336-928-0947
223,K-lee Salon,"1835 Newport Blvd., E-273","Costa Mesa, California 92627", 949-722-6696
224,Karine Brighten Events,Berkeley,"Berkeley, California 94707", 510-725-7252
225,"Karving Kreations, Inc.",8956 S Wilton Pl,"Los Angeles, California 90047", 323-752-5570
226,Kathleen Elliott Certified Horse TRainer,Debon Street ,"Temecula, California 92584", 951-288-0521
227,Kay Celine Inc.,155 West Washington Blvd. Suite 1004,"Los Angeles, California 90015", 310-575-4096
228,Kendall Summers Mobile Notary & Fingerprintering Service,1556 Halford Ave,"Santa Clara, California 95051", 508-554-1082
229,Kidz Create Music,137 27th St Apt. C,"Hermosa Beach, California 90254", 424-330-6673
230,Kim Rose at Tutta Bella Salon,1750 El Camino Real E,"Grover Beach, California 93433", 805-489-4589
231,KIS Jewelry,"21037 Superior Street, Chatsworth  CA","Chatsworth, California 91311", 800-746-7666
232,Kona Tanning Company,"17815 Skypark Circle, Suite F","Irvine, California 92614", 949-533-1974
233,Krazy Clean,P.O. Box 66021,"Sacramento, California 95860", 916-969-2658
234,KS TECH SUPPLIES,1431 N. Pacific Avenue,"Glendale, California 91202", 818-395-0736
235,Kshred,11316 WOODSIDE AVE NORTH,"San Diego, California 92071", 619-938-9541
236,Kulay 14 Salon,"2746 Pacific Coast Hwy, # 14","Torrance, California 90505", 310-469-9357
237,L & R Cleaning,1930 blanche st,"Bakersfield, California 93304", 661-869-4836
238,L'Mode Bridal,13762-A Newport Avenue,"Tustin, California 92780", 714-730-8919
239,LA LAX Limousine Service,7834 Via Cassano ,"Burbank, California 91504", 818-238-7318
240,La Pearl Spa,"1705 Lakeshore Rd West, Mississauga, Ontario, L5J1J4","Santa Clara, California 95054", 905-916-1979
241,La Sassy Feet,27162 Tampa Avenue No.  72,"Hayward, California 94544", 510-706-0330
242,Lady Lea Body Wraps,1096 Calimesa Blvd. #C,"Calimesa, California 92320", 909-243-1887
243,Ladybug Family Child Care,403 First St,"Fillmore, California 93015", 805-524-1383
244,ladyfry,1791 Thurber Pl,"Burbank, California 91501", 907-867-5309
245,Lanabelle's Nails,1134 C Ave Coronado Ca,"Coronado, California 92118", 619-519-9866
246,Lark Wedding Photography,"1015 Gayley Ave #1163 Los Angeles, CA 90024","Los Angeles, California 90024", 323-209-5275
247,Lavender Serenity Spa,731 A STREET Suite 205,"Hayward, California 94541", 510-733-2600
248,Lavin Fence,1252 N La Loma Circle ,"Anaheim, California 92806", 714-630-3454
249,Lavish Browtique,830 Stewart Dr,"Sunnyvale, California 94085", 408-618-4037
250,Lazar & Associates,"1516 South Bundy Drive, Suite 311","Los Angeles, California 90025", 310-453-3302
251,LCI Computer & Office Products,655 Redwood Hwy Suite 332,"Mill Valley, California 94941", 415-381-4678
252,Le Blanc Day Spa,"2580 Arena Blvd # Suite no: B-130, California,","Sacramento, California 95834", 916-285-0520
253,le soleil,41 montgomery,"San Francisco, California 94104", 415-658-1117
254,Leading Edge Salon, 1235 N Dutton Ave Ste B,"Santa Rosa, California 95401", 707-575-5551
255,Legal Service Alternative,9310 Hayvenhurst Ave,"Los Angeles, California 91343", 818-714-0601
256,Lemongrass Aveda Salon & Spa,910 2nd Street	,"Encinitas, California 92024", 760-633-1970
257,Lemus Construction,"2184 Sutter St Ste 117, http://lemusco.com","San Francisco, California 94115", 415-305-9965
258,Lisa Elia Public Relations,1285 Barry Ave ,"Los Angeles, California 90025", 310-479-0216
259,Lisa K. Photography,San Francisco Bay Area,"San Francisco, California 94102", 415-999-7611
260,Little Love,1110 Torrey Pines Rd Suite M,"San Diego, California 92108", 858-230-6857
261,Little Texas Sweetheart,P. O. Box. 3676,"Vista, California 92085", 760-822-1956
262,Liz P. Communications,PO Box 357,"Rocklin, California 95677", 916-788-2962
263,Lola Getts Active,"PO Box 571086, Tarzana CA 91357 USA","California City, California 91357", 866-798-7446
264,LOS ANGELES MAKE-UP SCHOOL (LAMUS),1624 Wilcox Ave,"Los Angeles, California 90028", 800-961-8876
265,"Love to Dance, Inc.","11120 East Ocean Air Drive, Suite B 101","San Diego, California 92130", 858-229-0120
266,Lovely Lash Salon & Cosmetic Center,115 Broadway,"Costa Mesa, California 92627", 949-548-5274
267,Lucky Duck Daycare,4449 Winje Drive,"Sacramento, California 95843", 916-727-3776
268,M Vlada,"350 Newport Center Drive,Newport Beach, CA, http://mistressvlada.com/","Orange, California 92660", 234-567-7890
269,Maid for LA Home And Office Cleaning Service,3251 W 6th St #350,"Los Angeles, California 90020", 323-632-5693
270,MAKEUP ARTIST ON THE GO,0000 San Diego ,"San Diego, California 92115", 619-414-9048
271,Mali's Studio,"21147 Victory Blvd, Woodland Hills,","Woodland, California 91303", 818-599-6814
272,Manalo Empire-Photography,Private Residence,"West Covina, California 91791", 626-209-1277
273,Manas Signs,1190 Market Street Suite C,"Yuba City, California 95991", 530-763-0298
274,Mane Event hair studio,100 McInnis pky suite 207,"San Rafael, California 94903", 415-472-7737
275,Manuela Marino Ceramic,POBOX,"Los Angeles, California 91381", 661-799-9807
276,Manymutts Pet Care,3450 Sacramento St,"San Francisco, California 94118", 415-992-5883
277,Maras Salon,112 Gough ST.,"San Francisco, California 94102", 415-552-5363
278,MARC Solutions Inc.,"333 City Boulevard West, 17th Floor","Orange, California 92868", 626-322-9261
279,Maria Oliveira Language Learning Center,"2644 Appian Way, Suite 102","Pinole, California 94564", 510-223-3320
280,Marilana Properties,PO BOX 69147,"West Hollywood, California 90069", 310-623-7332
281,Marisa Holmes Photographer,845 20th Street,"San Diego, California 92102", 800-340-0049
282,Married To Hair,1700 W Glenoaks Blvd #H,"Glendale, California 91201", 818-398-5136
283,Mary-Kinlen.com,3993 Iowa Ave. Suite 205,"Riverside, California 92507", 800-752-1280
284,Marys Weddings,1261 Mullet Ave,"Salton City, California 92274", 760-554-5457
285,Marys Weddings,1261 Mullet Ave,"Imperial, California 92274", 760-554-5457
286,Massage By Tess,El Camino Real & Palomar Airport Rd,"Carlsbad, California 92010", 760-314-5775
287,Master Appliance Services,"3939 Bidwell Drive, APT.475","Fremont, California 94538", 510-944-9091
288,MAvC Graphics,4823 S Cimarron St,"Los Angeles, California 90062", 323-348-4096
289,Maya Massage & Spa,3517 Del Rey St. Suite 101,"San Diego, California 92109", 253-273-0177
290,"Medical Education Systems, Inc",2165 San Diego Ave. Suite #107,"San Diego, California 92110", 877-295-4719
291,Medifast by Take Shape For Life,135 S. Sierra Ave #2,"Solana Beach, California 92075", 858-509-7745
292,Mel's Home Biz,115 King,"Sacramento, California 95827", 916-364-1332
293,Melodia Designs,2494 Haller St.,"San Diego, California 92104", 619-606-8313
294,Meo Baaklini Photography,940 Tyler St 6A,"Benicia, California 94510", 510-545-6361
295,Milano Bridal Collection,13754 Wyandotte St.,"Los Angeles, California 91405", 323-369-7299
296,Miller Family Carpet Care,484 San Andreas,"Banning, California 92220", 951-259-0475
297,Mindful Reboot Life Coaching,"7485 Rush River Dr., Ste. 710-111","Sacramento, California 95831", 916-500-4185
298,Mini Me Trends,4065 Platt Ave.,"Lynwood, California 90262", 323-872-7552
299,Miss LA Mobile Notary & Apostille Services,"322 Culver Blvd, #139","Los Angeles, California 90293", 310-910-8392
300,Miss Mika Notary Public,8015 S. VanNess Ave,"Inglewood, California 90305", 323-753-2325
301,Miss Mika Notary Public,0000 Inglewood,"Inglewood, California 90301", 310-776-5795
302,mission montessori,26763 plaza,"Mission Viejo, California 92691", 949-582-3956
303,Mission: Cats,3150 18th street STE 103,"San Francisco, California 94110", 415-644-8881
304,MKP Images,3460 Marron Rd #103-114,"Oceanside, California 92056", 760-650-9809
305,Mobile Notary Plus,"1660 Kendall Drive, #98","San Bernardino, California 92407", 909-553-8023
306,Modern Imaging Solutions Ext.386,2122 Sherman Way,"Cameron Park, California 91303", 800-511-7585
307,Mosaic,830 25th St. #203,"San Diego, California 92102", 619-453-2291
308,MoveCenter,1650 Borel Place #203,"San Mateo, California 94402", 650-548-9000
309,Ms. Entre-Assistant,1362 ISABEL CT.,"Pittsburg, California 94565", 415-948-6246
310,MYBELOVED,1015 S. Crocker St. #S-04,"Los Angeles, California 90021", 213-744-1168
311,N-Powered Coaching Academy,N\A,"Sacramento, California 95747", 916-753-0565
312,Nails by Sara Scuderi,1135 Pine St #103,"Redding, California 96003", 530-262-2673
313,Nanci Paige Design,767 Via De La Paz,"Santa Monica, California 90272", 310-804-9575
314,NeNe Bags,19075 Fairmont Lane,"Huntington Beach, California 92648", 714-418-6710
315,"New Look Skin Center, Inc.",1016 East Broadway street. # 101,"Glendale, California 91205", 818-662-5005
316,New Time Massage,4795 Old Redwood Hwy,"Santa Rosa, California 95403", 707-525-8848
317,Newport Beach Dog Walking,1201 Dove,"Newport Beach, California 92660", 949-735-7345
318,NEXTBUZZ.COM- A local Community Site,212 26th Street ,"Santa Monica, California 90402", 310-472-1276
319,Nicki A's Salon,285 S. Palm Canyon D-9,"Palm Springs, California 92262", 760-325-7724
320,North County Pet Sitting,13232 Salmon River Rd,"San Diego, California 92129", 858-200-6600
321,Nu-Vac Sales & Service,65 Lewelling Blvd #A,"San Lorenzo, California 94580", 510-278-2308
322,O.C. Timesavers,8831 Dorsett Drive,"Huntington Beach, California 92646", 714-322-0293
323,OC Blinds.com,12 gro,"Anaheim, California 92801", 800-992-3727
324,Once Upon A Family,435 E Beverly Place,"Tracy, California 95376", 209-815-4918
325,OneSavvySenior,2343 Harwood St,"Los Angeles, California 90031", 323-221-0443
326,Orange County Translation & Notary,2081 Business Center Dr. Suite 250,"Irvine, California 92612", 888-204-5010
327,Outer Shell Printing,12345 Temecula Parkway,"Temecula, California 92592", 951-634-4299
328,Outpost Trading Co,3547 Sagunto St,"Santa Ynez, California 93460", 805-686-5588
329,OVERFLOW,8921 Fortuna Way,"Orangevale, California 95662", 916-224-9678
330,Pacific Hair Design,28015 Seco Canyon Road,"Santa Clarita, California 91354", 661-296-2114
331,Pacific Preschool and Kindergarten,1301 Elfin Forest Road West,"San Marcos, California 92078", 760-510-0155
332,Pacific Way Insurance Services,3400 Inland Empire Blvd. Suite 101,"Ontario, California 91764", 909-476-3548
333,Paper Pinecone,"5350 Wilshire Blvd,360462","Los Angeles, California 90036", 323-201-7516
334,Pascal Lacroix Designs,225 Broad St.,"Nevada City, California 95959", 530-265-3654
335,Paw Pals Pet Service,2376 La Mesa Dr.,"Tracy, California 95377", 209-839-9295
336,Paws First Choice - Dog Training,158 W.Alta Grn,"Port Hueneme, California 93041", 805-982-0481
337,Peggy's Dinosaur Iron,16923 N Friant Rd,"Fresno, California 93650", 559-313-4426
338,Perennial Favorites,1415 Alma Loop,"San Jose, California 95125", 408-275-6160
339,permanent Makeup & Skin care By shoshana,18399 Ventura Blvd. #1 Tarzana,"Los Angeles, California 91356", 818-399-6625
340,Personalized Occasions,Santorinin,"Elk Grove, California 95758", 916-690-4257
341,Peter Norman Jewelers,11640 San Vicente Blvd,"Los Angeles, California 90049", 310-820-8787
342,petland grooming,"5430 clairemont mesa,blvd. ste","San Diego, California 92117", 858-268-3721
343,pink rose salon,2935 west capital ave,"Sacramento, California 95691", 916-599-0066
344,Placed Professional Organizers,772-H E. Mission Ave,"Escondido, California 92025", 760-300-4330
345,Plain Threads,1220 Maple Ave #409,"Los Angeles, California 90015", 000-000-0000
346,Pleasure Parties,xxx,"San Jose, California 95123", 408-348-4225
347,Pleats Fine Tailoring,844 W. San Marcos Blvd. Ste. 110,"San Marcos, California 92078", 760-471-2165
348,Pooch N' Caboodle,see website,"Los Angeles, California 0", 000-000-0000
349,"Poochie Care Service, Home and Pet Visitation Sitters",Serving Hanford California,"Hanford, California 93230", 559-355-4034
350,POSTPARTUM DOULA / BABY NURSE / INFANT CARE SPECIALIST,55/91 Freeway,"Anaheim, California 92807", 714-606-0499
351,Powerful Love Spells,7659 bothwell,"Los Angeles, California 91335", 323-793-0584
352,Powertron Battery Company,2218 W 2nd St,"Santa Ana, California 92703", 800-400-4858
353,"Premier Concierge, Inc",2342 Shattuck Ave #226,"Berkeley, California 94704", 888-355-8013
354,"premier concierge, inc.",2342 Shattuck Ave #226,"Berkeley, California 94704", 888-355-8013
355,Price Pool Service,PO Box 6273 ,"Folsom, California 96763", 916-202-9881
356,Protection Plus Solutions,696 San Ramon Valley Blvd #409,"Danville, California 94526", 925-575-2008
357,Psychic of Sacramento,2113 Marconi Ave,"Sacramento, California 95821", 916-320-1343
358,Pure Indoor Cycling,401 W A St #140,"San Diego, California 92101", 619-363-4177
359,Pure-Clean Housekeeping Co.,PO Box 4566,"Auburn, California 95602", 530-523-6099
360,Purrfect n Pawesome,1652 W Texas St Suite 111,"Fairfield, California 94533", 707-426-5174
361,Qui Si Bella Spa,3311 State Street,"Santa Barbara, California 93105", 805-682-0003
362,Quikdrop - We Sell Your Stuff on eBay!,9319-G Foothill Blvd,"Rancho Cucamonga, California 91730", 909-987-6162
363,Raquel M Photography,1400,"Citrus Heights, California 95621", 916-300-5187
364,Ready-Set-Type,P.O. Box 1214,"Rialto, California 92377", 909-990-1395
365,REAL QUICK LIKE HAULING,P. O. Box 403323,"Hesperia, California 92340", 760-617-2619
366,Reflexology Santa Monica,733 10th St,"Santa Monica, California 90402", 323-428-8946
367,Ride On Indoor Cycling,2605 Garnet Ave,"San Diego, California 92109", 858-349-5167
368,Riverside Hair By Janice,6741 Brockton Ave Station #1,"Riverside, California 92506", 951-353-0343
369,Riverside Hair By Janice,6741 Brockton Ave Station #1,"Riverside, California 92506", 951-353-0343
370,Rodriguez Landscaping,940 Monterey St,"San Luis Obispo, California 93401", 8052385555-8
371,Royal Care Mobile Spa,6121 Saturn st,"Los Angeles, California 90035", 213-793-1917
372,S2 Negotiations/S2 Realty Group,43980 Mahlon Vail Rd Suite 2006,"Temecula, California 92592", 951-834-2844
373,San Jose Dance Academy USA,21269 Stevens Creek Blvd,"San Jose, California 95120", 408-257-3211
374,SD Airbrush Artistry - Home of Bronze-Air Airbrush Tanning,Mobile,"Santee, California 92071", 858-442-7012
375,Secreto Salon,26672 Margarita Rd #304,"Murrieta, California 92563", 951-667-2233
376,SeelaDavid Salon,2044 Palm Ave. ,"Chico, California 95926", 530-343-3600
377,Serendipitous by Design ,472 El Portal Dr. ,"Santa Rosa, California 95407", 707-542-4745
378,Serenity Natural Living,104 S. Main Street,"Templeton, California 93465", 805-434-1924
379,Setiba Aesthetics Group,101 North Westlake Blvd,"Westlake, California 91362", 805-703-0000
380,Sexy Girls Entertainment,2212 N Marks Ave #255,"Fresno, California 93722", 559-549-4688
381,Shallom Bridals & Events,395 west 6th street suite # 222,"Los Angeles, California 90731", 562-208-7157
382,Shallom Bridals& Events,395 west 6th street suite # 222,"San Pablo, California 90731", 310-833-5088
383,Shane's Family Child Care,marston way,"Modesto, California 95355", 209-527-1989
384,Shirt Printing Company Los Angeles,422 S Western Ave #102,"Los Angeles, California 90020", 800-550-4966
385,Silver Jewelry - Fashion Jewelry at anasilverco.com,"13451 Pumice St Norwalk, California 90650","Norwalk, California 90650", 800-915-7757
386,Simpli Press,"12575 Beatrice St, Los Angeles, CA","Los Angeles, California 90066", 424-237-8818
387,Simply Beautiful Flowers,4507 Mission Avenue,"Oceanside, California 92054", 760-433-9288
388,Singing Lessons Los Angeles,5649 Lankershim Blvd,"Los Angeles, California 91601", 323-570-4702
389,SISSY LALA'S,7531 Carmel Street,"Gilroy, California 95020", 408-607-2838
390,Sliverlight Source,1065 Harrison Street,"Monterey, California 93940", 831-917-1384
391,Smitten Lingerie ,"1431 Misty Sea Way San Marcos, CA 92078","San Marcos, California 92078", 760-710-7216
392,SMS SECURITY INC,700 E Redlands Blvd,"Redlands, California 92374", 909-307-1007
393,SMS Security inc,700 e Redlands Blvd #222,"San Bernardino, California 92373", 909-307-1007
394,Snap Fitness 24/7,2610 Sunset Blvd. #7,"Rocklin, California 95677", 916-580-3879
395,Snorkel San Diego Scuba,1188 Coast Boulevard,"San Diego, California 92037", 858-539-0054
396,Social and Business Graces,1911 Mathews Ave,"Redondo Beach, California 90278", 310-210-6103
397,Social Graces App,201 W Grand,"El Segundo, California 90245", 310-343-1461
398,SoFabulousKids.com,1506 Market Street,"Santa Clara, California 95050", 888-634-0216
399,Sophie Crew Photography,On location,"San Diego, California 91977", 619-742-9778
400,SoulWind Designs,4086 Triton Ct,"Palmdale, California 93552", 805-285-1290
401,Spa Forever Massage,2523 Springs Rd,"Vallejo, California 94591", 704-641-1383
402,Sparks Gallery,530 Sixth Ave,"San Diego, California 92101", 619-696-1416
403,Spoilem Rotten Pet Sitting,3535 Madison Ave,"San Diego, California 92116", 619-920-7387
404,Spotless Commmercial Cleaning,133 S. Myers St.,"Oceanside, California 92054", 760-535-9760
405,Star Divine,1621 EAST CHANNEL ISLANDS BLVD.,"Oxnard, California 93033", 993-272-1017
406,StarDogs Daycare,17661 Beach Blvd.,"Huntington Beach, California 92647", 714-375-1234
407,Stay Home and Love it,P.O. Box 23211,"San Diego, California 92123", 858-292-7249
408,Stayin Home and Lovin It!,North Inland San Diego,"San Diego, California 92126", 858-688-5019
409,Stephanie Saul Photography,Aurora Drive,"San Buenaventura (Ventura), California 93003", 805-907-5130
410,Stone's Business Services,2910 S. Archibald @A244,"Ontario, California 91761", 909-638-5099
411,Strictly Styles Salon,994 The Alameda,"San Jose, California 95126", 408-997-0854
412,Studio M,Huntington Beach,"Huntington Beach, California 92648", 714-487-2286
413,Style Factory,1821 W. Commonwealth Ave # D,"Alpaugh, California 92833", 702-485-1254
414,Stylish Event Planning,1505 Lark Lane,"Corona, California 92882", 951-756-3482
415,Stylistix Salon,"1075 A S Main St, Salinas, CA, 93901","Salinas, California 93901", 831-200-8299
416,Su Embroidery Art Studio,"4E, #49","Felton, California 95758", 916-212-1286
417,Sun On The Run Mobile Spray Tanning,Mobile Service,"San Jose, California 95116", 408-209-0830
418,Super Mom's Home Services,House keeping service,"Modesto, California 95354", 209-602-3008
419,Surprisecircle,El Camino Real,"Menlo Park, California 94025", 000-000-0000
420,Swede Equine Show Stable,422 Cassou Rd,"San Marcos, California 92069", 805-358-8889
421,Sweeping Beautys Housecleaning,unlisted,"Hesperia, California 92345", 909-273-3057
422,Swimsuits and Swimwear for Women by Ujena,"1171 W. Shaw Avenue, Suite 112 1171 W. Shaw Avenue, Suite 112","Fresno, California 93711", 559-222-2500
423,Sylvia's Cleaning Service,5302 West Swift,"Fresno, California 93722", 559-696-4190
424,T A D Security Systems,300 Mount Vernon Ave,"Bakersfield, California 93307", 661-869-0900
425,Tan That Bod,1048 Irvine Ave #336,"Newport Beach, California 92660", 888-943-8826
426,Techtoolsinnovation,7444 E Chapman Unit G Orange CA,"Orange, California 92869", 714-45-4646
427,Tender Hearts Personalized Pet Care,PO Box 1343,"Alamo, California 94507", 925-838-2550
428,TERRI PETTIT COSMETOLOGY,1407 e Foothill blvd suite 206,"La Verne, California 91750", 909-239-9086
429,The Aroma Shoppe,Evans Road,"Sun City, California 92586", 951-672-2339
430,The Beautx Skin and Brows Studio,131 W.Bonita Avenue,"San Dimas, California 91773", 909-305-1888
431,The Center for Healthy Relationships,"350 S. Lake Avenue, Suite 201","Pasadena, California 91101", 626-657-0061
432,The Deco Haus,1912 Waltonia Drive,"La Crescenta-Montrose, California 91020", 424-333-0890
433,The Future Pharmacy,3993 Iowa Ave. Suite 205,"Riverside, California 92507", 800-752-1280
434,The Glam Trap LA,463 S Robertson Blvd,"Beverly Hills, California 90211", 707-200-3718
435,The Green Paige Photography,2020 W. Alameda,"Anaheim, California 92801", 714-308-8189
436,The Keiki Clubhouse - Novato Childcare & Preschool,2729 Topaz Drive,"Novato, California 94945", 415-895-5260
437,The largest vape online store,Serving,"San Diego, California 92101", 858-695-4262
438,THE NETWORKING CENTER,N.A,"Fresno, California 93710", 000-000-000
439,The Organizer 4U,407 G Street,"West Sacramento, California 95605", 916-804-1765
440,The Rugs of Persia,http://www.therugsofpersia.com,"Santa Rosa, California 95403", 707-576-9000
441,The Secret Garden Spa,984 Monument St. #103,"Los Angeles, California 90272", 310-459-1363
442,The Soul Intention,Del Mar Ave.,"San Clemente, California 92672", 949-231-0021
443,The Tax Lady Mobile Service,2086 GENOA COURT,"Los Banos, California 93635", 209-826-6235
444,The Wax Shop,415 N Crescent Dr,"Beverly Hills, California 90210", 310-277-9277
445,TheMogan.com,777 E. 10th St. Suite #410,"Los Angeles, California 90021", 213-622-0993
446,thinkBIG,"10940 Wilshire Blvd, Suite 600","Los Angeles, California 90024", 310-443-4150
447,Tia's Treasures,My Street Ave.,"Buena Park, California 90621", 714-566-8977
448,Tiffany Allen Photography,"La Jolla, CA, USA","San Diego, California 92103", 858-900-8508
449,Tiffinity Virtual Assistance,PO Box 88498,"Los Angeles, California 90009", 310-925-6163
450,"Tigertail Foods, LLC",438 Cerro St.,"Encinitas, California 92024", 760-634-1183
451,Tirey Marketing and Advertising,4079 N. Babigian,"Fresno, California 93722", 559-277-0435
452,Touch-N-Glow Indian Beauty Parlor,655 S FairOaks west Apt,"Sunnyvale, California 94086", 781-266-8519
453,Trammell Mobile Notary,P.O.Box 17931,"Long Beach, California 90807", 562-234-0484
454,Transcription Certification Institute,"17782 Cowan, Suite B","Irvine, California 92614", 800-481-2193
455,Truckee Copy LLC,PO Box 3729,"Truckee, California 96160", 530-582-4347
456,Tupperware,5662 Calle Real #220,"Goleta, California 93117", 805-451-9538
457,upsidedown interiors,2677 N Mt View Ave,"San Bernardino, California 92405", 310-310-1707
458,"USASIGNS,GRAPHICS&ENGRAVING",3900PARKVIEWLN STE11A,"Irvine, California 92612", 949-872-5808
459,"Valley Animal Hospital-Tracy DuPrez, DVM",19059 Valley Blvd. #120,"Bloomington, California 92316", 909-877-2384
460,Vallyn- Hair Stylist,320 Santa Monica Blvd.,"Santa Monica, California 90401", 310-492-3100
461,Verde Salon...an aveda concept salon,86 Throckmorton Avenue,"Mill Valley, California 94941", 415-381-8000
462,VIALAN TRANSLATION AGENCY,"901 Dove Street, Suite 225","Newport Beach, California 92660", 800-909-5345
463,Vik's Gutter Co.,Sacramento,"Sacramento, California 95814", 916-276-3928
464,Violet's Vustom Tailoring & Alterations,14 Sierra Ln.,"Walnut Creek, California 94596", 925-934-5272
465,VIP Airport Transportation & Limo Service,7821 talbert ave ,"Huntington Beach, California 92648", 714-330-0069
466,Visa Network,Visa Network 870 Market St. Suite #888,"San Francisco, California 94102", 415-693-0330
467,Vision Tech Camps,14375 Saratoga Ave Suite 104,"Saratoga, California 95070", 408-647-4833
468,Vizio Makeup Academy,30251 Golden Lantern,"Laguna Niguel, California 92677", 800-951-0795
469,WAX LA,2502 Main Street,"Santa Monica, California 90405", 310-581-2800
470,Wedding favors,16199 Firestone Ln,"Chino Hills, California 91709", 909-393-6946
471,Weddings & Beyond,Serving all of San Diego County,"San Diego, California 92117", 858-776-0193
472,West Coast Granite & Kitchen Inc,"104,W 1st Street","Tustin, California 92780", 714-496-6813
473,West Coast Printing & Design,"200 Technology Drive, Ste K","Irvine, California 92618", 949-450-1410
474,Winnie Couture Inc,"9393 Wilshire Blvd. Beverly Hills, CA","Beverly Hills, California 90210", 214-872-2889
475,Winston Pilates,"1327 Ocean Avenue, Suite D","Santa Monica, California 90401", 310-395-2220
476,Winxed,463 S Robertson Blvd #3,"Beverly Hills, California 90211", 310-869-0775
477,Wishful Massage,"15030 Ventura Blvd, Suite 10-A, Sherman Oaks","Los Angeles, California 91403", 818-849-6567
478,WomanCentric,3150 Almaden Expressway #250,"San Jose, California 95118", 408-313-1387
479,WorldSpeak Language School,10850 W. Pico Blvd.,"Los Angeles, California 90064", 310-871-1862
480,www.mezonhandbags.com,1135 santee street,"Los Angeles, California 90015", 877-260-7489
481,xplicit hair & nail studio,3568 main st suite c,"Lemon Grove, California 91945", 619-461-5201
482,Xquisite Imagery Photography By Nikol,1 san diego,"San Diego, California 92115", 619-245-7417
483,Xtra Clean of Thousand Oaks,"2625 Townsgate Road, Suite 330","Westlake, California 91361", 805-372-1052
484,YCA Cleaning Services Inc,2960 Mission St #101,"San Francisco, California 94110", 415-728-7153
485,You've Got Maids of South Bay,2220 Torrance Blvd.,"Torrance, California 90501", 323-922-5326
